{
    "yyin@smith.edu": {
        "password": "yyin",
        "avatar": "..\/images\/youngwoman_3.png",
        "username": "yyin"
    },
    "test@gmail.com": {
        "password": "test",
        "avatar": "..\/images\/youngman_3.png",
        "username": "test"
    },
    "zlyu@gmail.com": {
        "password": "zlyu",
        "avatar": "..\/images\/oldwoman_2.png",
        "username": "zlyu"
    },
    "yyin@gmail.com": {
        "password": "yyin",
        "avatar": "..\/images\/youngman_1.png",
        "username": "yyin"
    },
    "1234@gmail.com": {
        "password": "1234",
        "avatar": "..\/images\/man_2.png",
        "username": "1234"
    }
}